name,number,age,zodiac,email,login,password,site,ocupation,favorite collor
Smith,8305830374,77,Aries,LonnieSJohnson@jourrapide.com,Gulay1939,ahXi8ein6uth,geometrasoldi.com,Checker,Blue
Chestnut,2527932925,46,Cancer,CatarinaGRitz@teleworm.us,Noweapping,OhQu2keng3Qu,eyeonwisconsin.com,Extruding and forming machine operator,Purple
Keller,4402803003,62,Libra,BerniceEPowell@rhyta.com,Ferece,Ooxu1tah,soapandpills.com,Compliance officer,Purple
Smith,2143611890,42,Taurus,DonnaJEldred@dayrep.com,Drut1974,JaeB3eiTh7ai,paintkenai.com,Software quality assurance analyst,Green
Fuhrman,3036890700,57,Aquarius,RobinLRomero@teleworm.us,Ambleverce,ohC3puh3,ehkerrgroup.com,Sign language interpreter,Brown
Hart,3046607094,61,Capricorn,AndrewJGonzalez@teleworm.us,Shadeopleil,OoNovo5wu,sobeautifulnews.com,Aircraft structure assembler,Silver
Drew,5618565763,40,Capricorn,PatriciaGJones@teleworm.us,Forto1976,FiMahL4okie,marathonstartup.com,Manager,Blue
Pulley,3072726108,19,Capricorn,EdithRWhittaker@teleworm.us,Wase1997,ahTaam6zi,brewerybrief.com,Hydraulic and pneumatic technician,Blue
Coffey,2083855532,81,Capricorn,SolomonCPorter@dayrep.com,Weat1934,si9LohSoo,elcambioesahora.com,Assistant manager,Silver
Reedy,7249885929,32,Libra,RobertLBritton@dayrep.com,Hene1984,Ies7eiX1vai,tgguyes.com,Rural mail carrier,Green
Losh,4157449210,41,Sagittarius,AlmaCPrice@jourrapide.com,Hatme1974,kohThoL3f,miamitechscene.com,Recruiting manager,Red
Barfield,5173208253,63,Libra,PerlaAWilson@dayrep.com,Gaince,Aeve2Tei9,activisy.com,Medical assistant,Green
Jacobs,4807482648,57,Gemini,EdwardNGrandison@jourrapide.com,Salogned1959,phooC2aiKe,bciasiamacau.com,Software quality assurance analyst,Green
Antoine,7275561160,77,Aries,PaulGBogard@teleworm.us,Reackagots,wae8Pooquoh3Ei,eyesazure.com,Pathologist,Blue
Weigel,2564427028,49,Capricorn,EvelynRLane@jourrapide.com,Recke1966,zeid2Rad1uj,gabriellatavani.com,Copy marker,Purple
Smith,5092878845,80,Scorpio,MelissaBWells@rhyta.com,Opme1935,cai5kouW2,purnellgallery.com,Certified respiratory therapist,Red
Hoover,7177026666,78,Pisces,DarrellDCorbett@jourrapide.com,Stanter,uo8goor9aiH,vaporflip.com,Forming machine operator,Orange
Hudson,3179595637,44,Cancer,JamesFMartin@dayrep.com,Uperte,Ereedah5ei,fountainsofrome.com,Toolmaker,Brown
Fitzgerald,7173644340,33,Capricorn,FabianKEllerman@jourrapide.com,Wharry,Zoong5bahm,bfmasti.com,Zookeeper,Yellow
Stevens,8585242142,32,Gemini,KelvinASeidel@teleworm.us,Theliand1984,Aej1ooshie6,latenidosnack.com,Hydrographic surveyor,Yellow
Morgan,2097033671,24,Cancer,HeidiJMiller@teleworm.us,Graping,Riegho0soo5,zjrcqroup.com,Surgeon,Blue
Woods,7752915327,65,Sagittarius,AmyFRice@dayrep.com,Ficks1950,te5ohL9ouch,notthepta.com,Transcriber,Black
Rodriguez,2065552577,57,Gemini,CharlesPJacks@dayrep.com,Caranown,toovoh7Gox,asherray.com,Prison guard,Purple
Hall,7727139239,31,Aquarius,JasonASerrano@armyspy.com,Yousses1985,een4uDi7aek,cpaksa.com,Museum director,Blue
Neumann,2152430566,42,Aries,PeggieCWalker@teleworm.us,Aulty1974,aQuahx4oh,priverse.com,Eligibility interviewer,Green
Gonzalez,4105354819,24,Capricorn,LindaSDepaul@jourrapide.com,Imser1992,puFu7uoWa5t,sortefacil.com,Dental hygienist,Red
Price,4256502045,68,Pisces,DeaneJStubbs@teleworm.us,Faturaved,ooG5eisua,srgery.com,Petroleum refinery operator,Black
Hammer,9707259363,54,Capricorn,DorisCLofton@armyspy.com,Lialling61,ii7Cao7ie,quickweddingnyc.com,Academic dean,Blue
Baca,4845675513,78,Gemini,BlaineRMcGray@jourrapide.com,Gaid1938,iaTh1ohm,shauntmdesign.com,Nutritionist,Purple
Johnson,4155953813,46,Capricorn,KarlMMcCall@armyspy.com,Andetter,shuV0ahsoam,medicalvin.com,Erector,Green
Ferguson,6786373000,85,Gemini,AlisonRCooper@teleworm.us,Afearighted,Kahr9ooQu,ReviewCareers.com,Nursing aide,Blue
Pelletier,8627032104,30,Aries,AaronLLawrence@dayrep.com,Herthould,cay5yoo3S,onepaycoin.com,Funeral manager,Red
Moore,5047348862,58,Pisces,WilliamSStack@armyspy.com,Strowd,aiHahthio7po,merpatiairline.com,Lease buyer,Red
Burke,2252942627,67,Libra,IreneMBriggs@dayrep.com,Gorn1949,lio0Eem5f,smartuavsa.com,Practical nurses,Purple
Padilla,8562447124,40,Leo,MatthewMMurrill@jourrapide.com,Forether1976,ahzoToh5ka,linaankarbranth.com,Nurse practitioner,Purple
Boone,3023344548,35,Cancer,ErinJJensen@rhyta.com,Plaragnight,thaeR5Chaij,kyyxfl.com,Hand packager,Blue
Stalter,7737884516,41,Scorpio,CynthiaAJohnson@rhyta.com,Sopupose,Oojah0oo,artisansterling.com,Employee placement specialist,Purple
Jimenez,7707367763,49,Sagittarius,MagdalenaRMorgan@rhyta.com,Aten1966,aePhee2ien,fridayspromo.com,Job printer,Black
Pimentel,2816641714,50,Gemini,AnnetteACowles@dayrep.com,Hoodmine,eiTae0ah,mikeandzo.com,Dancer,Green
Blizzard,8507921424,33,Taurus,AlanCMcDade@rhyta.com,Cisfole,thaeRoh6ei,cuscodance.com,Recruitment consultant,Purple
Stevens,2183533940,36,Aquarius,NatalieGNelson@armyspy.com,Othered,ait5jahL3sh,daylightlights.com,Clerical supervisor,Purple
Sage,3132185399,24,Sagittarius,MariaMRodriquez@rhyta.com,Linst1991,reimeaR7,fightforfrank.com,ATF agent,Blue
Morris,6207280553,53,Pisces,HenryWSlocum@dayrep.com,Youreput1963,PoNg7gooth,freephstock.com,Telecommunications line installer,Green
Hill,7194618381,65,Libra,OlgaJAnderson@armyspy.com,Histar1951,eizoW4eiK,wbmtmft.com,Bench jeweler,Green
Freeman,9174612494,20,Pisces,GregJVeal@dayrep.com,Vuld1996,tahQuar3lei,cygnusfarmshows.com,Teacher assistant,Purple
Colvin,2025496613,83,Gemini,YvonneMMilliken@dayrep.com,Remplume,ri0eeBoh,estaffin.com,Training coordinator,Blue
Jones,8168494011,75,Libra,WalterAGomez@armyspy.com,Null1941,Pae2Iuf5,streethandouts.com,Cutter,Blue
Smith,8647238389,60,Gemini,JoseAPinegar@rhyta.com,Topers,fie0Vei8jai,armouronsale.com,Farm product inspector,Green
Salinas,3016801569,27,Pisces,DanielHJones@dayrep.com,Thertim,duy0mioNgu7,rayleetraining.com,Rehabilitation counselor,Blue
Clark,9738445751,39,Taurus,CharlesAWeingarten@rhyta.com,Liker1977,aiZ5pohto,seafordcentral.com,Oxygen therapist,Purple
Overton,7707571712,82,Sagittarius,EulaRChick@dayrep.com,Exubse,ooD1OoZ7,wellnessemall.com,Rehabilitation nurse,Orange
Kaiser,2629021939,29,Taurus,HaroldDThomas@dayrep.com,Bromys,joh2mohTh,highlighlights.com,Elevator repairer,Blue
Narron,9107369810,20,Virgo,LaceyKQuiroga@dayrep.com,Untes1996,io6Ci9miegh,resurrough.com,Vending machine repairer,Orange
Ruiz,4232782367,79,Scorpio,DorotheaFDawson@rhyta.com,Somee1937,bohP1ier7gei,savecharminar.com,Cinematographer,Purple
Carrier,5853099409,52,Virgo,LillianLLacy@teleworm.us,Neastathard,yei8Phouv,duyenthienly.com,Operational meteorologist,Yellow
Hernandez,4046615569,31,Scorpio,JadaJWard@armyspy.com,Lauch1985,eidae9muNg,consolecrew.com,Loan closer,Red
Workman,9733569972,70,Libra,HermanCPierce@armyspy.com,Wineve,cohbam5C,blisquisitions.com,Quality assurance inspector,Blue
Cummings,8476275473,26,Cancer,JuanitaMStewart@teleworm.us,Ards1990,zeMo4thob8h,cleaningbykathy.com,Route driver,Orange
Gill,5852920705,65,Aries,RobertAHill@teleworm.us,Unpleted,yu1chi6zoaM,yofusa.com,Stratigrapher,Black
Bratten,7814557857,49,Scorpio,PhilipJRubio@armyspy.com,Ussighboult,ahThoo7kai,lillydelight.com,Ship officer,Black
Tejeda,8086966458,35,Gemini,CharlotteDGwyn@teleworm.us,Mandeproper,Que6Na6eejoh,gothamtea.com,Contract specialist,Blue
Darley,8183488149,49,Gemini,CarolAHall@teleworm.us,Tere1967,Agohngi2,cawtechnical.com,Attendance clerk,Purple
Getz,7858163374,64,Leo,RichardFBailey@teleworm.us,Womustand,Ieteithaeb8,dmentionmedia.com,Field sales supervisor,Purple
Fries,8653256824,53,Gemini,JonathonMNutt@teleworm.us,Mrstions,aGhah1goh,TrafficKiller.com,Resort desk clerk,Blue
Leader,4127567504,69,Aquarius,RandyCEasley@armyspy.com,Wheroulatis47,xei5ahZei,brpetfood.com,Harbor pilot,Orange
Haskins,5408338324,84,Gemini,RonaldJSimpson@dayrep.com,Snothe1932,shohZ3eech,wacourtsblog.com,Sales agent,Purple
Barber,5057036687,83,Sagittarius,JoseMRodriguez@jourrapide.com,Aftefuld,Ep8av1keeni,hfjauts.com,"Extruding, forming, pressing, and compacting machine setter",Purple
Jones,2087223057,28,Leo,CraigLKeys@dayrep.com,Beeforgent,ahvohVooqu5O,sreeindustries.com,Mechanic,Purple
Cameron,7248050935,70,Sagittarius,MarioJDiego@dayrep.com,Ying1945,Phaih5Jee,childinteract.com,Geological engineer,Blue
Luse,2569745206,56,Pisces,RobertHJones@jourrapide.com,Belmorning,iet5oozoR,trainingnursesl.com,Dinkey operator,Red
Harte,3605166992,30,Scorpio,MichaelVBartlett@rhyta.com,Expecten1986,oog5iChoo,scampur.com,Dental technician,Black
Giesen,2293393131,82,Scorpio,DanielBGray@teleworm.us,Wiffew33,Au4Ahngie,mylifeafterbeth.com,News vendor,Green
Farrish,9497333058,24,Gemini,AidaDWalker@rhyta.com,Yourte,orek4Bequ,blancbeanina.com,Bodyguard,Blue
Evans,9107232244,72,Scorpio,ScottEFeltman@armyspy.com,Apee1943,yi7ou2Oof,vectoritor.com,Audio control engineer,Red
Manuel,5043986015,54,Capricorn,AmeliaSThornton@jourrapide.com,Lefor1961,EeH1Ued5ae,coachjerrywins.com,Mineralogist,Blue
Jackson,3868459423,37,Sagittarius,HollyKBrewer@armyspy.com,Seencent,ohJ7ed5hie,papercardaily.com,Power lineman,Purple
Adams,9542510889,61,Capricorn,AnnieKValentine@dayrep.com,Thety1954,ieLiemohj4oo,sdnholiday.com,Quality assurance inspector,Blue
Moore,2053224910,70,Virgo,ClaudiaATew@teleworm.us,Parmak,Luuxo6aegh,katiastephanou.com,Information technology trainer,Purple
Wilson,5733383885,30,Taurus,MaryMJamar@jourrapide.com,Tordely,eSh1eejuqu,igotitstore.com,Private detective,Blue
Hamm,4196582612,47,Leo,JanieEBrannon@rhyta.com,Fracks,ke3EiG0dai,spiremag.com,Camera repairer,Purple
Fry,5733861905,81,Pisces,JaneGBenjamin@rhyta.com,Donentolon,Neisei1see,printtomotion.com,Mine cutting and channeling machine operator,Green
Warren,6096054087,33,Capricorn,MaryMSchneider@rhyta.com,Theighly,utah3Ze8Ahroh,rioyiyk.com,Nurse informaticist,Green
Russell,7853101305,47,Cancer,PaulCLucas@teleworm.us,Welyine,aaMohK6oocai,sirelid.com,Telephone station repairer,Orange
Lehmann,6149961700,37,Pisces,ShariDHanson@jourrapide.com,Hooss1979,AeSh0yie,thessupport.com,Exterminator,Green
Poynter,7178324812,61,Taurus,MiriamJHensley@rhyta.com,Clowed1955,Jeen4Voa,utsoindia.com,Bus mechanic,Blue
Mullins,3206355815,35,Gemini,MaryJBurns@rhyta.com,Bage1981,eeNgohN8am,deannafnt.com,Employment consultant,Orange
Burton,4156928747,36,Aquarius,BobbieRThelen@jourrapide.com,Alwastion,Daxu7eing9,butiktailor.com,Employee benefits manager,Green
Avila,7203385534,27,Cancer,MichelleEDeitz@dayrep.com,Sommor89,Uje0iSha2,propositionyes.com,Air-conditioning mechanic,Orange
Barker,4149995450,74,Pisces,KarlSNeville@armyspy.com,Solkill,Foak7uw0phie,novelnavi.com,Marble setter,Purple
Williams,7036987408,74,Sagittarius,DavidMNumbers@teleworm.us,Exter1941,YoweiTh1,vthighlands.com,Private detective,Green
Fuentes,6083022040,39,Capricorn,WilliePYocum@jourrapide.com,Flosoney,ucooCeej2,firstsightsoap.com,Upholsterer,Purple
Hohn,2814710818,30,Virgo,MaryTPritchard@dayrep.com,Nationce1986,phephoeD6,maxionym.com,Staffing consultant,Blue
Leary,9417487931,56,Aries,MarilynWGrigsby@rhyta.com,Derearthe,Zaiy8bak8a,cherubtoolsets.com,School superintendent,Blue
Corsi,3524904483,58,Libra,MichaelAYoung@dayrep.com,Olecove,eSa6louh9,yzjxahf.com,Guitar repairer,Silver
Bosse,4328478798,21,Leo,ShirleyJBoucher@dayrep.com,Grea1995,lah9ooF5Ie,publitesistan.com,Agricultural inspector,Yellow
Tafoya,4056776865,49,Sagittarius,MarcusJLinker@rhyta.com,Thentereent,waGufoo0vaf,innovartebr.com,Heavy vehicle and mobile equipment service technician,Purple
Smith,6092397501,46,Gemini,FrankCGroves@teleworm.us,Palk1970,chaiP1mesh,cmlsunny.com,Rolling machine operator,Purple
Travis,2125215118,37,Capricorn,RobertBSeitz@armyspy.com,Iltive79,eogheThaek0,klikseno.com,Transfer clerk,Purple
Gilbert,2166637279,83,Virgo,JohnJWilson@dayrep.com,Wourn1933,oonie7aPuh5,eventsbytina.com,Gaming and sports runner,Red
Huneycutt,7187717510,32,Aquarius,JamesFStone@jourrapide.com,Stes1984,dah5Ieh2jew9,putrajayamadani.com,Counter and rental clerk,Blue
Arana,8604146334,50,Cancer,CharlotteJNettleton@jourrapide.com,Moned1966,aeZieniu5Ph,webinarwonks.com,State police officer,Red
Jacobs,4018210021,42,Gemini,LulaJRuiz@armyspy.com,Bellork,nooshoG8ib,greycardmanor.com,Personnel services specialist,Green
Anderson,5709531223,35,Scorpio,JesseJLamoureux@rhyta.com,Promple,Coh2RooZ,seoaki.com,Health engineer,Orange
